time,q0.5,model,run,q0.1,q0.9,issued_at
2026-10-09 00:00:00+00:00,46483.3407725,seasonal_naive,20261007-1502,,,2026-10-08T10:03:27+00:00
2026-10-09 01:00:00+00:00,46703.3755425,seasonal_naive,20261007-1502,,,2026-10-08T10:03:27+00:00
2026-10-09 02:00:00+00:00,47641.360205,seasonal_naive,20261007-1502,,,2026-10-08T10:03:27+00:00
2026-10-09 03:00:00+00:00,50250.8922925,seasonal_naive,20261007-1502,,,2026-10-08T10:03:27+00:00
2026-10-09 04:00:00+00:00,56606.3044525,seasonal_naive,20261007-1502,,,2026-10-08T10:03:27+00:00
2026-10-09 05:00:00+00:00,60150.604675,seasonal_naive,20261007-1502,,,2026-10-08T10:03:27+00:00
2026-10-09 06:00:00+00:00,63124.4300725,seasonal_naive,20261007-1502,,,2026-10-08T10:03:27+00:00
2026-10-09 07:00:00+00:00,64886.3847475,seasonal_naive,20261007-1502,,,2026-10-08T10:03:27+00:00
2026-10-09 08:00:00+00:00,65684.3982075,seasonal_naive,20261007-1502,,,2026-10-08T10:03:27+00:00
2026-10-09 09:00:00+00:00,64859.1793825,seasonal_naive,20261007-1502,,,2026-10-08T10:03:27+00:00
2026-10-09 10:00:00+00:00,64009.0719575,seasonal_naive,20261007-1502,,,2026-10-08T10:03:27+00:00
2026-10-09 11:00:00+00:00,61831.5980225,seasonal_naive,20261007-1502,,,2026-10-08T10:03:27+00:00
2026-10-09 12:00:00+00:00,58245.7596175,seasonal_naive,20261007-1502,,,2026-10-08T10:03:27+00:00
2026-10-09 13:00:00+00:00,58465.2140675,seasonal_naive,20261007-1502,,,2026-10-08T10:03:27+00:00
2026-10-09 14:00:00+00:00,59060.91955,seasonal_naive,20261007-1502,,,2026-10-08T10:03:27+00:00
2026-10-09 15:00:00+00:00,59146.635395000005,seasonal_naive,20261007-1502,,,2026-10-08T10:03:27+00:00
2026-10-09 16:00:00+00:00,58931.5567425,seasonal_naive,20261007-1502,,,2026-10-08T10:03:27+00:00
2026-10-09 17:00:00+00:00,58817.347915,seasonal_naive,20261007-1502,,,2026-10-08T10:03:27+00:00
2026-10-09 18:00:00+00:00,56662.115900000004,seasonal_naive,20261007-1502,,,2026-10-08T10:03:27+00:00
2026-10-09 19:00:00+00:00,54140.538889999996,seasonal_naive,20261007-1502,,,2026-10-08T10:03:27+00:00
2026-10-09 20:00:00+00:00,50828.702769999996,seasonal_naive,20261007-1502,,,2026-10-08T10:03:27+00:00
2026-10-09 21:00:00+00:00,48080.0347625,seasonal_naive,20261007-1502,,,2026-10-08T10:03:27+00:00
2026-10-09 22:00:00+00:00,45432.3403775,seasonal_naive,20261007-1502,,,2026-10-08T10:03:27+00:00
2026-10-09 23:00:00+00:00,44396.109645000004,seasonal_naive,20261007-1502,,,2026-10-08T10:03:27+00:00
2026-10-09 00:00:00+00:00,42547.34389222559,vanilla_mlr,20261007-1502,,,2026-10-08T10:03:27+00:00
2026-10-09 01:00:00+00:00,42735.96031794897,vanilla_mlr,20261007-1502,,,2026-10-08T10:03:27+00:00
2026-10-09 02:00:00+00:00,43923.25853776829,vanilla_mlr,20261007-1502,,,2026-10-08T10:03:27+00:00
2026-10-09 03:00:00+00:00,46858.52362029039,vanilla_mlr,20261007-1502,,,2026-10-08T10:03:27+00:00
2026-10-09 04:00:00+00:00,53213.57503889286,vanilla_mlr,20261007-1502,,,2026-10-08T10:03:27+00:00
2026-10-09 05:00:00+00:00,58234.02312570243,vanilla_mlr,20261007-1502,,,2026-10-08T10:03:27+00:00
2026-10-09 06:00:00+00:00,61163.11240938942,vanilla_mlr,20261007-1502,,,2026-10-08T10:03:27+00:00
2026-10-09 07:00:00+00:00,62072.66919873413,vanilla_mlr,20261007-1502,,,2026-10-08T10:03:27+00:00
2026-10-09 08:00:00+00:00,62819.57798357052,vanilla_mlr,20261007-1502,,,2026-10-08T10:03:27+00:00
2026-10-09 09:00:00+00:00,63334.80610510328,vanilla_mlr,20261007-1502,,,2026-10-08T10:03:27+00:00
2026-10-09 10:00:00+00:00,62642.9897676366,vanilla_mlr,20261007-1502,,,2026-10-08T10:03:27+00:00
2026-10-09 11:00:00+00:00,61057.95547385556,vanilla_mlr,20261007-1502,,,2026-10-08T10:03:27+00:00
2026-10-09 12:00:00+00:00,59379.85753884313,vanilla_mlr,20261007-1502,,,2026-10-08T10:03:27+00:00
2026-10-09 13:00:00+00:00,58532.29448692896,vanilla_mlr,20261007-1502,,,2026-10-08T10:03:27+00:00
2026-10-09 14:00:00+00:00,58233.826319250904,vanilla_mlr,20261007-1502,,,2026-10-08T10:03:27+00:00
2026-10-09 15:00:00+00:00,59093.23673523076,vanilla_mlr,20261007-1502,,,2026-10-08T10:03:27+00:00
2026-10-09 16:00:00+00:00,59440.95814810875,vanilla_mlr,20261007-1502,,,2026-10-08T10:03:27+00:00
2026-10-09 17:00:00+00:00,58577.35246419105,vanilla_mlr,20261007-1502,,,2026-10-08T10:03:27+00:00
2026-10-09 18:00:00+00:00,55700.47346717403,vanilla_mlr,20261007-1502,,,2026-10-08T10:03:27+00:00
2026-10-09 19:00:00+00:00,52553.940473551746,vanilla_mlr,20261007-1502,,,2026-10-08T10:03:27+00:00
2026-10-09 20:00:00+00:00,49464.67209257081,vanilla_mlr,20261007-1502,,,2026-10-08T10:03:27+00:00
2026-10-09 21:00:00+00:00,45881.71160363282,vanilla_mlr,20261007-1502,,,2026-10-08T10:03:27+00:00
2026-10-09 22:00:00+00:00,42915.95407130215,vanilla_mlr,20261007-1502,,,2026-10-08T10:03:27+00:00
2026-10-09 23:00:00+00:00,40978.6616473839,vanilla_mlr,20261007-1502,,,2026-10-08T10:03:27+00:00
2026-10-09 00:00:00+00:00,45972.2265625,xgboost,20261007-1502,44063.68,47344.004,2026-10-08T10:03:27+00:00
2026-10-09 01:00:00+00:00,46206.35546875,xgboost,20261007-1502,44330.613,47436.863,2026-10-08T10:03:27+00:00
2026-10-09 02:00:00+00:00,47566.16796875,xgboost,20261007-1502,45512.75,48858.17,2026-10-08T10:03:27+00:00
2026-10-09 03:00:00+00:00,49785.09375,xgboost,20261007-1502,48002.29,51538.395,2026-10-08T10:03:27+00:00
2026-10-09 04:00:00+00:00,55659.0546875,xgboost,20261007-1502,53861.08,58539.08,2026-10-08T10:03:27+00:00
2026-10-09 05:00:00+00:00,60359.09375,xgboost,20261007-1502,57984.29,61727.402,2026-10-08T10:03:27+00:00
2026-10-09 06:00:00+00:00,63467.8046875,xgboost,20261007-1502,62081.062,64929.34,2026-10-08T10:03:27+00:00
2026-10-09 07:00:00+00:00,65383.3125,xgboost,20261007-1502,63262.473,66330.65,2026-10-08T10:03:27+00:00
2026-10-09 08:00:00+00:00,65480.4296875,xgboost,20261007-1502,63027.793,66700.4,2026-10-08T10:03:27+00:00
2026-10-09 09:00:00+00:00,64171.15625,xgboost,20261007-1502,62127.42,66448.664,2026-10-08T10:03:27+00:00
2026-10-09 10:00:00+00:00,62692.40234375,xgboost,20261007-1502,60253.164,65469.1,2026-10-08T10:03:27+00:00
2026-10-09 11:00:00+00:00,61257.1171875,xgboost,20261007-1502,59130.594,62774.227,2026-10-08T10:03:27+00:00
2026-10-09 12:00:00+00:00,58123.62890625,xgboost,20261007-1502,57014.098,59928.375,2026-10-08T10:03:27+00:00
2026-10-09 13:00:00+00:00,58394.75,xgboost,20261007-1502,57626.117,59913.652,2026-10-08T10:03:27+00:00
2026-10-09 14:00:00+00:00,59197.171875,xgboost,20261007-1502,57908.49,60844.766,2026-10-08T10:03:27+00:00
2026-10-09 15:00:00+00:00,59927.17578125,xgboost,20261007-1502,58382.117,61589.285,2026-10-08T10:03:27+00:00
2026-10-09 16:00:00+00:00,60959.08203125,xgboost,20261007-1502,58978.516,61810.7,2026-10-08T10:03:27+00:00
2026-10-09 17:00:00+00:00,60787.44140625,xgboost,20261007-1502,58963.492,61554.62,2026-10-08T10:03:27+00:00
2026-10-09 18:00:00+00:00,58457.75390625,xgboost,20261007-1502,56958.652,60316.855,2026-10-08T10:03:27+00:00
2026-10-09 19:00:00+00:00,55349.421875,xgboost,20261007-1502,54051.355,57044.375,2026-10-08T10:03:27+00:00
2026-10-09 20:00:00+00:00,52864.9609375,xgboost,20261007-1502,51016.28,53478.355,2026-10-08T10:03:27+00:00
2026-10-09 21:00:00+00:00,49523.62109375,xgboost,20261007-1502,47420.406,50648.63,2026-10-08T10:03:27+00:00
2026-10-09 22:00:00+00:00,46592.515625,xgboost,20261007-1502,44174.72,48026.355,2026-10-08T10:03:27+00:00
2026-10-09 23:00:00+00:00,44162.04296875,xgboost,20261007-1502,42689.82,46233.402,2026-10-08T10:03:27+00:00
2026-10-09 00:00:00+00:00,45749.70703125,lstm,20261007-1502,44390.777,46945.477,2026-10-08T10:03:27+00:00
2026-10-09 01:00:00+00:00,45926.91015625,lstm,20261007-1502,44663.05,47310.3,2026-10-08T10:03:27+00:00
2026-10-09 02:00:00+00:00,47025.6640625,lstm,20261007-1502,45763.273,48342.332,2026-10-08T10:03:27+00:00
2026-10-09 03:00:00+00:00,50493.37109375,lstm,20261007-1502,49096.9,51666.637,2026-10-08T10:03:27+00:00
2026-10-09 04:00:00+00:00,56865.95703125,lstm,20261007-1502,55386.633,58248.777,2026-10-08T10:03:27+00:00
2026-10-09 05:00:00+00:00,61241.8125,lstm,20261007-1502,59877.562,62502.73,2026-10-08T10:03:27+00:00
2026-10-09 06:00:00+00:00,63144.17578125,lstm,20261007-1502,61807.92,64374.15,2026-10-08T10:03:27+00:00
2026-10-09 07:00:00+00:00,63513.25390625,lstm,20261007-1502,62180.695,64741.703,2026-10-08T10:03:27+00:00
2026-10-09 08:00:00+00:00,63991.42578125,lstm,20261007-1502,62763.54,65199.984,2026-10-08T10:03:27+00:00
2026-10-09 09:00:00+00:00,64006.7890625,lstm,20261007-1502,62845.246,65217.02,2026-10-08T10:03:27+00:00
2026-10-09 10:00:00+00:00,63264.890625,lstm,20261007-1502,62130.84,64500.363,2026-10-08T10:03:27+00:00
2026-10-09 11:00:00+00:00,62207.5703125,lstm,20261007-1502,61098.29,63411.523,2026-10-08T10:03:27+00:00
2026-10-09 12:00:00+00:00,61025.28125,lstm,20261007-1502,59928.098,62233.36,2026-10-08T10:03:27+00:00
2026-10-09 13:00:00+00:00,60241.296875,lstm,20261007-1502,59108.86,61459.79,2026-10-08T10:03:27+00:00
2026-10-09 14:00:00+00:00,60213.265625,lstm,20261007-1502,59077.266,61462.035,2026-10-08T10:03:27+00:00
2026-10-09 15:00:00+00:00,61380.3359375,lstm,20261007-1502,60254.496,62659.754,2026-10-08T10:03:27+00:00
2026-10-09 16:00:00+00:00,62367.7890625,lstm,20261007-1502,61215.02,63626.734,2026-10-08T10:03:27+00:00
2026-10-09 17:00:00+00:00,60947.6796875,lstm,20261007-1502,59690.53,62138.57,2026-10-08T10:03:27+00:00
2026-10-09 18:00:00+00:00,57875.27734375,lstm,20261007-1502,56601.56,59099.258,2026-10-08T10:03:27+00:00
2026-10-09 19:00:00+00:00,54903.63671875,lstm,20261007-1502,53590.176,56143.25,2026-10-08T10:03:27+00:00
2026-10-09 20:00:00+00:00,52070.66796875,lstm,20261007-1502,50719.027,53286.375,2026-10-08T10:03:27+00:00
2026-10-09 21:00:00+00:00,49269.26953125,lstm,20261007-1502,47920.004,50450.223,2026-10-08T10:03:27+00:00
2026-10-09 22:00:00+00:00,46644.62890625,lstm,20261007-1502,45374.89,47859.777,2026-10-08T10:03:27+00:00
2026-10-09 23:00:00+00:00,45026.125,lstm,20261007-1502,43808.723,46332.215,2026-10-08T10:03:27+00:00
2026-10-09 00:00:00+00:00,46462.07421875,transformer,20261007-1502,45218.777,48083.617,2026-10-08T10:03:27+00:00
2026-10-09 01:00:00+00:00,46408.109375,transformer,20261007-1502,45248.477,47980.195,2026-10-08T10:03:27+00:00
2026-10-09 02:00:00+00:00,47425.1171875,transformer,20261007-1502,46300.516,48977.16,2026-10-08T10:03:27+00:00
2026-10-09 03:00:00+00:00,50729.71875,transformer,20261007-1502,49360.98,52325.22,2026-10-08T10:03:27+00:00
2026-10-09 04:00:00+00:00,58170.31640625,transformer,20261007-1502,56468.414,59948.098,2026-10-08T10:03:27+00:00
2026-10-09 05:00:00+00:00,62371.4609375,transformer,20261007-1502,60588.863,64100.805,2026-10-08T10:03:27+00:00
2026-10-09 06:00:00+00:00,64348.23828125,transformer,20261007-1502,62421.242,65984.18,2026-10-08T10:03:27+00:00
2026-10-09 07:00:00+00:00,64900.8515625,transformer,20261007-1502,63065.734,66455.53,2026-10-08T10:03:27+00:00
2026-10-09 08:00:00+00:00,65108.37109375,transformer,20261007-1502,63281.977,66625.34,2026-10-08T10:03:27+00:00
2026-10-09 09:00:00+00:00,65620.78125,transformer,20261007-1502,63550.465,67218.27,2026-10-08T10:03:27+00:00
2026-10-09 10:00:00+00:00,65338.9296875,transformer,20261007-1502,63264.633,66899.05,2026-10-08T10:03:27+00:00
2026-10-09 11:00:00+00:00,64363.84375,transformer,20261007-1502,62217.312,65950.125,2026-10-08T10:03:27+00:00
2026-10-09 12:00:00+00:00,62827.734375,transformer,20261007-1502,60637.965,64466.73,2026-10-08T10:03:27+00:00
2026-10-09 13:00:00+00:00,61731.23046875,transformer,20261007-1502,59572.332,63350.008,2026-10-08T10:03:27+00:00
2026-10-09 14:00:00+00:00,60852.30859375,transformer,20261007-1502,58774.07,62435.87,2026-10-08T10:03:27+00:00
2026-10-09 15:00:00+00:00,61066.421875,transformer,20261007-1502,58975.016,62654.42,2026-10-08T10:03:27+00:00
2026-10-09 16:00:00+00:00,62186.8203125,transformer,20261007-1502,60080.06,63846.004,2026-10-08T10:03:27+00:00
2026-10-09 17:00:00+00:00,62085.109375,transformer,20261007-1502,60099.383,63690.855,2026-10-08T10:03:27+00:00
2026-10-09 18:00:00+00:00,59737.7265625,transformer,20261007-1502,57702.883,61416.508,2026-10-08T10:03:27+00:00
2026-10-09 19:00:00+00:00,56600.11328125,transformer,20261007-1502,54583.297,58161.727,2026-10-08T10:03:27+00:00
2026-10-09 20:00:00+00:00,53577.54296875,transformer,20261007-1502,51661.06,55108.383,2026-10-08T10:03:27+00:00
2026-10-09 21:00:00+00:00,50396.04296875,transformer,20261007-1502,48570.07,52033.406,2026-10-08T10:03:27+00:00
2026-10-09 22:00:00+00:00,47025.546875,transformer,20261007-1502,45679.14,48688.56,2026-10-08T10:03:27+00:00
2026-10-09 23:00:00+00:00,45512.5234375,transformer,20261007-1502,44204.156,47294.03,2026-10-08T10:03:27+00:00
2026-10-09 00:00:00+00:00,46464.48046875,transformer,20261007-1742,45389.63,48063.223,2026-10-08T10:03:27+00:00
2026-10-09 01:00:00+00:00,46233.1015625,transformer,20261007-1742,45150.742,47832.86,2026-10-08T10:03:27+00:00
2026-10-09 02:00:00+00:00,47181.65234375,transformer,20261007-1742,46092.562,48743.312,2026-10-08T10:03:27+00:00
2026-10-09 03:00:00+00:00,50082.5390625,transformer,20261007-1742,48858.52,51782.766,2026-10-08T10:03:27+00:00
2026-10-09 04:00:00+00:00,57282.58203125,transformer,20261007-1742,55656.195,59105.72,2026-10-08T10:03:27+00:00
2026-10-09 05:00:00+00:00,62179.921875,transformer,20261007-1742,60442.375,63903.344,2026-10-08T10:03:27+00:00
2026-10-09 06:00:00+00:00,64426.65234375,transformer,20261007-1742,62692.094,66117.82,2026-10-08T10:03:27+00:00
2026-10-09 07:00:00+00:00,65086.140625,transformer,20261007-1742,63368.355,66783.21,2026-10-08T10:03:27+00:00
2026-10-09 08:00:00+00:00,65401.984375,transformer,20261007-1742,63663.164,67111.64,2026-10-08T10:03:27+00:00
2026-10-09 09:00:00+00:00,66060.0625,transformer,20261007-1742,64261.113,67815.125,2026-10-08T10:03:27+00:00
2026-10-09 10:00:00+00:00,65865.59375,transformer,20261007-1742,64078.55,67600.984,2026-10-08T10:03:27+00:00
2026-10-09 11:00:00+00:00,65042.40625,transformer,20261007-1742,63277.49,66762.555,2026-10-08T10:03:27+00:00
2026-10-09 12:00:00+00:00,63394.2421875,transformer,20261007-1742,61679.03,65080.324,2026-10-08T10:03:27+00:00
2026-10-09 13:00:00+00:00,62395.84375,transformer,20261007-1742,60712.03,64076.82,2026-10-08T10:03:27+00:00
2026-10-09 14:00:00+00:00,61692.94140625,transformer,20261007-1742,60059.938,63381.97,2026-10-08T10:03:27+00:00
2026-10-09 15:00:00+00:00,61551.8359375,transformer,20261007-1742,59921.336,63250.54,2026-10-08T10:03:27+00:00
2026-10-09 16:00:00+00:00,61959.2421875,transformer,20261007-1742,60311.516,63688.07,2026-10-08T10:03:27+00:00
2026-10-09 17:00:00+00:00,61839.98828125,transformer,20261007-1742,60211.754,63571.35,2026-10-08T10:03:27+00:00
2026-10-09 18:00:00+00:00,59291.00390625,transformer,20261007-1742,57790.055,61072.06,2026-10-08T10:03:27+00:00
2026-10-09 19:00:00+00:00,56061.734375,transformer,20261007-1742,54739.21,57848.473,2026-10-08T10:03:27+00:00
2026-10-09 20:00:00+00:00,52979.36328125,transformer,20261007-1742,51813.7,54642.867,2026-10-08T10:03:27+00:00
2026-10-09 21:00:00+00:00,49296.47265625,transformer,20261007-1742,48219.344,50878.793,2026-10-08T10:03:27+00:00
2026-10-09 22:00:00+00:00,46894.36328125,transformer,20261007-1742,45830.656,48513.97,2026-10-08T10:03:27+00:00
2026-10-09 23:00:00+00:00,46150.984375,transformer,20261007-1742,45171.83,47734.93,2026-10-08T10:03:27+00:00
