time,load,tso_forecast
2026-10-11 00:00:00+00:00,,36000.0
2026-10-11 01:00:00+00:00,,33525.0
2026-10-11 02:00:00+00:00,,32462.5
2026-10-11 03:00:00+00:00,,32137.5
2026-10-11 04:00:00+00:00,,33312.5
2026-10-11 05:00:00+00:00,,34487.5
2026-10-11 06:00:00+00:00,,36075.0
2026-10-11 07:00:00+00:00,,38750.0
2026-10-11 08:00:00+00:00,,41212.5
2026-10-11 09:00:00+00:00,,41950.0
2026-10-11 10:00:00+00:00,,43675.0
2026-10-11 11:00:00+00:00,,42600.0
2026-10-11 12:00:00+00:00,,41512.5
2026-10-11 13:00:00+00:00,,40262.5
2026-10-11 14:00:00+00:00,,38625.0
2026-10-11 15:00:00+00:00,,38737.5
2026-10-11 16:00:00+00:00,,42537.5
2026-10-11 17:00:00+00:00,,46300.0
2026-10-11 18:00:00+00:00,,44987.5
2026-10-11 19:00:00+00:00,,42562.5
2026-10-11 20:00:00+00:00,,41762.5
2026-10-11 21:00:00+00:00,,42637.5
2026-10-11 22:00:00+00:00,,
2026-10-11 23:00:00+00:00,,
